{
  "users": [
    {
      "username": "ram",
      "emalID": "ram@persi.com",
      "password": "1234",
      "capPuzzle": [
        {
          "image1": "./assets/image1",
          "cappuzzleAns": [
            "1",
            "2",
            "3",
            "4"
          ]
        },
        {
          "image2": "./assets/image2",
          "cappuzzleAns": [
            "2",
            "1",
            "3",
            "4"
          ]
        },
        {
          "image3": "./assets/image3",
          "cappuzzleAns": [
            "4",
            "5",
            "2",
            "1"
          ]
        }
      ]
    },{
      "username": "sham",
      "emalID": "sham@persi.com",
      "password": "1234",
      "capPuzzle": [
        {
          "image1": "./assets/image1",
          "cappuzzleAns": [
            "1",
            "2",
            "3",
            "4"
          ]
        },
        {
          "image2": "./assets/image2",
          "cappuzzleAns": [
            "2",
            "1",
            "3",
            "4"
          ]
        },
        {
          "image3": "./assets/image3",
          "cappuzzleAns": [
            "4",
            "5",
            "2",
            "1"
          ]
        }
      ]
    },{
      "username": "user",
      "emalID": "user@persi.com",
      "password": "1234",
      "capPuzzle": [
        {
          "image1": "./assets/image1",
          "cappuzzleAns": [
            "1",
            "2",
            "3",
            "4"
          ]
        },
        {
          "image2": "./assets/image2",
          "cappuzzleAns": [
            "2",
            "1",
            "3",
            "4"
          ]
        },
        {
          "image3": "./assets/image3",
          "cappuzzleAns": [
            "4",
            "5",
            "2",
            "1"
          ]
        }
      ]
    }
  ]
}
